sample_id,source_title,page_id,line_id,image_url,ocr_engine,ocr_text,clean_text,notes
real_044_001,Ukraina Russia Turkey,page_044,line_001,local,tesseract_ara_eng_psm6,عصر نصف اولك صوكنه طوغرى اوقراما حاتى بر جوق ‎cle‏,عصر نصف اولنك صوكنه طوغرى اوقراینا حیاتی بر چوق عالملر،,"starter alignment; clean reference from Wikisource page 44, manually checked lightly"
real_044_002,Ukraina Russia Turkey,page_044,line_002,local,tesseract_ara_eng_psm6,‎ate pad esl‏ . بونلرك اوقراينا ‎Sol‏ واتنوغىافسى حقنده,اديبلر يتيشدير مشدر. بونلرك اوقراينا تاریخی واتنوغرافيسى حقنده,"starter alignment; clean reference from Wikisource page 44, manually checked lightly"
real_044_003,Ukraina Russia Turkey,page_044,line_003,local,tesseract_ara_eng_psm6,‎cabal hk‏ اترار» ‎cpa del sal‏ اووويا علماريتك سويسته,يازمش اولدقلری اثرلر، اوقرانيا علومنی، آوروپا عاملرينك سويەسنه,"starter alignment; clean reference from Wikisource page 44, manually checked lightly"
real_044_004,Ukraina Russia Turkey,page_044,line_004,local,tesseract_ara_eng_psm6,قادار ح.قارمش ‎ts Gey‏ اوقراينا ‎SI‏ مله وسساسهدسنك,قادار چیقارمش وعينى زمانده اوقراينا افكار مليه وسياسيەسنك,"starter alignment; clean reference from Wikisource page 44, manually checked lightly"
real_044_005,Ukraina Russia Turkey,page_044,line_005,local,tesseract_ara_eng_psm6,‎aes Goal‏ اجون مهم ‎SL oy‏ اواشاردر . بودورهيهمنسوب,تعميق وتوسیعی ايچون مهم برر سائق اولمشلردر. بودوره به منسوب,"starter alignment; clean reference from Wikisource page 44, manually checked lightly"
real_044_006,Ukraina Russia Turkey,page_044,line_006,local,tesseract_ara_eng_psm6,علما وادبادن » مورخ ( قوستوماروف ) ‎oss Hele‏,علما وادبادن، مورخ (قوستوماروف)، اتنوغرافي متخصصی,"starter alignment; clean reference from Wikisource page 44, manually checked lightly"
real_044_007,Ukraina Russia Turkey,page_044,line_007,local,tesseract_ara_eng_psm6,‎(See)‏ ومورخ وشاع ( قوليش )ك2 اسمارى ذكر اد طلدرار .,(چوبينسكي) ومورخ وشاعر (قوليش)ك اسملرى ذكر ایديلمليدرلر.,"starter alignment; clean reference from Wikisource page 44, manually checked lightly"
real_044_008,Ukraina Russia Turkey,page_044,line_010,local,tesseract_ara_eng_psm6,فقط بواسمارك قعرنده ‎MLN Sol‏ بوتون قواى فطر يوسن ى ‎LE‏,فقط بواسملرك قعرنده اوقراينانك بوتون قوای فطریه سنی تمثیل ايدن,"starter alignment; clean reference from Wikisource page 44, manually checked lightly"
real_044_009,Ukraina Russia Turkey,page_044,line_011,local,tesseract_ara_eng_psm6,‎Gal‏ بوبوك اوقراينا شاعرى ‎Ib)‏ شهوحهمو ) نك اسمى,بويوك اوقراينا شاعری (طاراس شەوچەنقو)نك اسمى,"starter alignment; clean reference from Wikisource page 44, manually checked lightly"
real_044_010,Ukraina Russia Turkey,page_044,line_012,local,tesseract_ara_eng_psm6,بولومقدهدر ‎(pie get).‏ اوقرانما قره طوبراغنك وشاعى ملتنك,بولونمقدەدر. (شەوچەنقو)، اوقرانيا قرەطوپراغنك وشاعر ملتنك,"starter alignment; clean reference from Wikisource page 44, manually checked lightly"
real_044_011,Ukraina Russia Turkey,page_044,line_013,local,tesseract_ara_eng_psm6,قره ‎AIL‏ توزاد حققس.در . ‎soa‏ حقوق ولروندن محروم,قره طالعنك نوزاد حقيقيسدر، هردرلو حقوق وثروندن محروم,"starter alignment; clean reference from Wikisource page 44, manually checked lightly"
real_044_012,Ukraina Russia Turkey,page_044,line_014,local,tesseract_ara_eng_psm6,‎BSG‏ عالوسندن يتشمش اولان شاعى ( شهوجهنقو ) نك روحى»,برکويلى عائله سندن يتشمش اولان شاعر (شەوچەنقو)نك روحى،,"starter alignment; clean reference from Wikisource page 44, manually checked lightly"
real_044_013,Ukraina Russia Turkey,page_044,line_015,local,tesseract_ara_eng_psm6,اوقراينا طوبرائىكى زنكينء اوقراينا ‎S gh‏ محزون واوقراينانك,اوقراينا طويراغی کی زنكين، اوقراینا ملتی کی محزون واوقراينانك,"starter alignment; clean reference from Wikisource page 44, manually checked lightly"
real_044_014,Ukraina Russia Turkey,page_044,line_016,local,tesseract_ara_eng_psm6,استقبالى اجون ‎Lal Joely‏ مشبوع اوادينى كى ‎ea‏,استقبالی ايچون بر اختلالجی ایمانیله مشبوع اولدینی کبی کندیسی,"starter alignment; clean reference from Wikisource page 44, manually checked lightly"
real_044_015,Ukraina Russia Turkey,page_044,line_017,local,tesseract_ara_eng_psm6,‎glee‏ ملرك برشاعى حققسى ابدى. ( شهوحدهو ) نك ‎I‏ مقدارده,مظلوملرك برشاعر حقیقیسی ایدی. (شەوچەنقو)نك كليتنى مقدارده,"starter alignment; clean reference from Wikisource page 44, manually checked lightly"
real_045_001,Ukraina Russia Turkey,page_045,line_001,local,tesseract_ara_eng_psm6,هاما ‎alt‏ اك ‎cal‏ . موىاللة » شعرارئده ‎Bele Wee‏,تماماً تخليص ايتمك ايدى. مومى اليه، شعر لرنده بوغایۀ سیاسیەيی,auto starter alignment from Wikisource transcription and Tesseract OCR; quick manual pass recommended
real_045_002,Ukraina Russia Turkey,page_045,line_002,local,tesseract_ara_eng_psm6,مدم ومدافعه و( كيف ) ده ( كيريل ‎(bogie‏ نام جمعيت سياسيهبى,مدح ومدافعه و(كييف)ده (كيريل ميتودیا) نام جمعیت سیاسیەيی,auto starter alignment from Wikisource transcription and Tesseract OCR; quick manual pass recommended
real_045_003,Ukraina Russia Turkey,page_045,line_003,local,tesseract_ara_eng_psm6,تشكل ‎Ge)‏ اجون اون ‎Mu Ce‏ اورهنيورغ ‎GORD‏,تشکیل ابتدیکی ایچون اون سنه مدتله اورەنبورغ طرفلرینه نفی,auto starter alignment from Wikisource transcription and Tesseract OCR; quick manual pass recommended
real_045_004,Ukraina Russia Turkey,page_045,line_004,local,tesseract_ara_eng_psm6,‏ابد لشدى . نومتاستله ‎ad So‏ اوقراينا ‎cele‏ غادملرىده,ایديلمشدی. بومناسبتله دیكر بعض اوقراينا جماعت خادملری ده,auto starter alignment from Wikisource transcription and Tesseract OCR; quick manual pass recommended
real_045_005,Ukraina Russia Turkey,page_045,line_005,local,tesseract_ara_eng_psm6,دوجار ‎Bb‏ اولشاردى . جار حكومق ء ( شهوحةقو ) نك ‎Sabet)‏,دوچار ظلم اولمشلردی دوچار حکومتی، (شەوچەنقو)نك اشعارينى,auto starter alignment from Wikisource transcription and Tesseract OCR; quick manual pass recommended
real_045_006,Ukraina Russia Turkey,page_045,line_006,local,tesseract_ara_eng_psm6,‏حاوى ‎Colne)‏ نام ارك نشررى منع اعمشدى .,حاوى (قوبزار) نام اثرك نشرنى منع ايتمشدی.,auto starter alignment from Wikisource transcription and Tesseract OCR; quick manual pass recommended
real_045_007,Ukraina Russia Turkey,page_045,line_007,local,tesseract_ara_eng_psm6,فقط اوقراينادمى فعاللت دوام لمش ‎gal‏ . اللنحى ‎)186٠(‏,فقط اوقراینادەکی فعالیت دوام ایتمش ايدى. اللنجى (١٨٥٠),auto starter alignment from Wikisource transcription and Tesseract OCR; quick manual pass recommended
real_045_008,Ukraina Russia Turkey,page_045,line_008,local,tesseract_ara_eng_psm6,‎je‏ دوروستك وسطكده اوقفراسْئ انك خرسون ولاشده,سنەلر دورەسنك وسطنده اوقراينانك خرسون ولا يتـده «قازاقلر»,auto starter alignment from Wikisource transcription and Tesseract OCR; quick manual pass recommended
real_045_009,Ukraina Russia Turkey,page_045,line_009,local,tesseract_ara_eng_psm6,‎Bb >‏ « دورستك ‎Sie‏ تخطر ‎gal‏ اسير ‎SMW‏,دورەسنك عنعناتي تخطر ايدن اسير كويليلوك تصديق وعصانی,auto starter alignment from Wikisource transcription and Tesseract OCR; quick manual pass recommended
real_045_010,Ukraina Russia Turkey,page_045,line_010,local,tesseract_ara_eng_psm6,‏تضدق ‎Glecs‏ اوزرينه » ‎ab F‏ حريت شخصه وبريإديى ‎Oh)‏,اوزرینه، کویلی به حریت شخصیه ویریلدیکی زمان اوقراينانك,auto starter alignment from Wikisource transcription and Tesseract OCR; quick manual pass recommended
real_045_011,Ukraina Russia Turkey,page_045,line_011,local,tesseract_ara_eng_psm6,‏اوقراينانك افكار منوره ‎Get‏ افراد مات اراسئده درحال فعاليت,افكار منوره اصحابی افراد ملت آراسنده در حال فعالیت مدنيەبه,auto starter alignment from Wikisource transcription and Tesseract OCR; quick manual pass recommended
real_045_012,Ukraina Russia Turkey,page_045,line_012,local,tesseract_ara_eng_psm6,‎gl LoL 8 sl Spans S arcds‏ اوزره عدلقه صوص 5 أفسات,كبريشه رك اوقراينا لسانی اوزره خلقه مخصوص بر ادبیات,auto starter alignment from Wikisource transcription and Tesseract OCR; quick manual pass recommended
real_045_013,Ukraina Russia Turkey,page_045,line_013,local,tesseract_ara_eng_psm6,وجوده ‎oh Te gAL BL Ub Sa cS‏ مكثار تأسسته ورسالةلر,وجوده كتيرمكه، ياشلی انسانلر ايچون آيريجه مکتبلر تأسيسه,auto starter alignment from Wikisource transcription and Tesseract OCR; quick manual pass recommended
real_045_014,Ukraina Russia Turkey,page_045,line_014,local,tesseract_ara_eng_psm6,نشرينه باشلا مشاردر . اوقراينالى مكاتب ‎Sle‏ طليهسى « اوقرا شسقا,ورسالەلر نشرينه باشلا مشلردر. اوقراينالى مكاتب عاليه طلبەسی.,auto starter alignment from Wikisource transcription and Tesseract OCR; quick manual pass recommended
real_045_015,Ukraina Russia Turkey,page_045,line_015,local,tesseract_ara_eng_psm6,غىومادا » نامندوى ‎car‏ اطرافئده طويلا مشاردر .,«اوقرابينستا غرومادا» نامندەکی جمعیت اطرافنده طوپلانمشلردر.,auto starter alignment from Wikisource transcription and Tesseract OCR; quick manual pass recommended
real_046_001,Ukraina Russia Turkey,page_046,line_001,local,tesseract_ara_eng_psm6,‏لكن كيف‎ ¢ Geant BINS ‏كنت شدات | عدسى أقزرمة دعا زادو‎,کسب شدت ایتمەسی اوزرینه دها زیاده قالشمشـدى. لكن كيف,auto starter alignment from Wikisource transcription and Tesseract OCR; quick manual pass recommended
real_046_002,Ukraina Russia Turkey,page_046,line_002,local,tesseract_ara_eng_psm6,‏دارالفنوننك تار معامى ولادمير ا نطونوو مم ورفقاسىودها صكره‎,دار الفنوننك تاريخ معامى ولاديمير آنطونوویچ و رفقاسي ودها صكره,auto starter alignment from Wikisource transcription and Tesseract OCR; quick manual pass recommended
real_046_003,Ukraina Russia Turkey,page_046,line_003,local,tesseract_ara_eng_psm6,‏مكتب معلمارندن مخاشمل دراغومانوف وه دراغومانوفار»‎ pe,عينى مكتب معلملرندن ميخائيل دراغومانوف و «دراغومانوفلر»,auto starter alignment from Wikisource transcription and Tesseract OCR; quick manual pass recommended
real_046_004,Ukraina Russia Turkey,page_046,line_004,local,tesseract_ara_eng_psm6,‏بر اصواده نوبوك برمتانتله‎ Sab ‏وفعال قوتلر » دعواى‎ SS,کی یکی وفعال قوتلر، دعوای ملی یی یکی بر اصولده بويوك برمتانتله,auto starter alignment from Wikisource transcription and Tesseract OCR; quick manual pass recommended
real_046_005,Ukraina Russia Turkey,page_046,line_005,local,tesseract_ara_eng_psm6,‏وولقوف‎ + Son ge ( ‏زمانده بر طرفدن‎ Ge. ‏قيب اتديار‎,تعقیب ايتديلر. عینی زمانده بر طرفدن (چوبنسكى، وولقوف,auto starter alignment from Wikisource transcription and Tesseract OCR; quick manual pass recommended
real_046_006,Ukraina Russia Turkey,page_046,line_006,local,tesseract_ara_eng_psm6,Sonim gh ‏وسائره كى ) اوقراينا النوغىافستالرى كندى‎,وسائرەکی) اوقراينا اتنوغرافيستلری کندی ملتلری حقندەکی قیمتلی,auto starter alignment from Wikisource transcription and Tesseract OCR; quick manual pass recommended
real_046_007,Ukraina Russia Turkey,page_046,line_007,local,tesseract_ara_eng_psm6,‏اساسار وجودء‎ co gad cy dele LiL Syl ‏دوام الله‎ ofa ‏فستلى‎,تعارف دوام ايله اوقراينا عاملرينه مخصوص اساسلر وجوده كتير مكده,auto starter alignment from Wikisource transcription and Tesseract OCR; quick manual pass recommended
real_046_008,Ukraina Russia Turkey,page_046,line_008,local,tesseract_ara_eng_psm6,‏خادملرينك‎ cele ‏طرفدنده ايلك‎ So S ‏كتير مكده اولدقارى‎,اولدقاری کی دیكر طرفدنده ايلك جماعت خادملرينك بوتون نظرلری،,auto starter alignment from Wikisource transcription and Tesseract OCR; quick manual pass recommended
real_046_009,Ukraina Russia Turkey,page_046,line_009,local,tesseract_ara_eng_psm6,cde Sol ‏روسلاشينه ستدداوناران واوثر ابنانك‎ ¢ CL Oss,روسلاشمغه مستعداولمايان واوقراينانك اسكى مدنیت ملیەسنی,auto starter alignment from Wikisource transcription and Tesseract OCR; quick manual pass recommended
real_046_010,Ukraina Russia Turkey,page_046,line_010,local,tesseract_ara_eng_psm6,. ‏مامه سنى سنلهسلده محافظه ابدن خلقه معطوف ابدى‎,سینه سنده محافظه ایدن خلقه معطوف ایدی.,auto starter alignment from Wikisource transcription and Tesseract OCR; quick manual pass recommended
real_047_001,Ukraina Russia Turkey,page_047,line_001,local,tesseract_ara_eng_psm6,cole ‏اوقراينانك اك اس شاع لرى ابوان فراتقونبى ودها بر بلوك‎,اوقراينانك اك اسكى شاعرلری ایوان فرانقویی ودها بر بلوك,auto starter alignment from Wikisource transcription and Tesseract OCR; quick manual pass recommended
real_047_002,Ukraina Russia Turkey,page_047,line_002,local,tesseract_ara_eng_psm6,. ‏شد بر مشدر‎ OPV oe ‏عا مرق‎,جماعت خادملرنی حاضر لا يوب بتشدير مشدر.,auto starter alignment from Wikisource transcription and Tesseract OCR; quick manual pass recommended
real_047_003,Ukraina Russia Turkey,page_047,line_003,local,tesseract_ara_eng_psm6,لامادن ‎dialer Je VAR‏ ادبياتو ‎ile‏ تعسهده اسكلردن,١٨٧٠ دن١٨٩٠ سنەلرینه قادار ادبیات و صنایع نفیسەده اسکیلردن,auto starter alignment from Wikisource transcription and Tesseract OCR; quick manual pass recommended
real_047_004,Ukraina Russia Turkey,page_047,line_004,local,tesseract_ara_eng_psm6,رودانسىء» ‎(Sab gl s‏ ويكاردن صامى أنقوء ‎Leal‏ اوقرايسقا ‎SF‏,رودانسکی، غرابوفسكى، ويكيلردن صامی لنقو، لەسيا اوقرابينسقا کی,auto starter alignment from Wikisource transcription and Tesseract OCR; quick manual pass recommended
real_047_005,Ukraina Russia Turkey,page_047,line_005,local,tesseract_ara_eng_psm6,‏بر حوق ‎‘Seas Pol ba lates . SA jek‏ انوان,بر چوق شاعرلر يتيشمشـدر. رومانجیلردن مارقو ووچکی، ایوان,auto starter alignment from Wikisource transcription and Tesseract OCR; quick manual pass recommended
real_047_006,Ukraina Russia Turkey,page_047,line_006,local,tesseract_ara_eng_psm6,‎Sud od‏ واولغا ‎deol SILL‏ ذكره شاباندرلر. او دورهده,لدويتسكى واولغا قوبيليانسقا کی ادیبلر ذكره شاياندرلر. او دورەده,auto starter alignment from Wikisource transcription and Tesseract OCR; quick manual pass recommended
real_047_007,Ukraina Russia Turkey,page_047,line_007,local,tesseract_ara_eng_psm6,بر قاج قومبوزيتور دخى إشش.شدر . يونوك بر شهرته مالك بولونان,بر قاچ قومپوزیتور دخى يتشمشدر. بويوك بر شهرته مالك بولونان,auto starter alignment from Wikisource transcription and Tesseract OCR; quick manual pass recommended
real_047_008,Ukraina Russia Turkey,page_047,line_008,local,tesseract_ara_eng_psm6,( سقولالمصهنقو ( بونلرمانندهدر. موىالبكاوقرابناموسةسندهى,(ميقولالی صەنقو) بونلر میاننده در. مومى اليهك اوقراينا موسيقيسندەكی,auto starter alignment from Wikisource transcription and Tesseract OCR; quick manual pass recommended
real_047_009,Ukraina Russia Turkey,page_047,line_009,local,tesseract_ara_eng_psm6,موقى » شهوجةقونك ‎Gy Shel‏ معادلدر . ‎eed)‏ (,موقعی، شەوچەنقونك ادبياتدەكى موقعنه معادلدر. (لى صەنقو),auto starter alignment from Wikisource transcription and Tesseract OCR; quick manual pass recommended
real_047_010,Ukraina Russia Turkey,page_047,line_010,local,tesseract_ara_eng_psm6,اوقراينا ‎GLI‏ اوزره بر قاج اويرا تريب اممشدر .,اوقراینا لسانی اوزره بر قاچ اوپرا ترتیب ایتمشدر.,auto starter alignment from Wikisource transcription and Tesseract OCR; quick manual pass recommended
real_051_001,Ukraina Russia Turkey,page_051,line_001,local,tesseract_ara_eng_psm6,‎JULI 3‏ صوك سندارده الده ابتدكلرى ‎Sidi ys‏ مدنيهبى,اوقايناليلرك صوك سنەلرده ألده ابتدکلری موفقیات مدنیەيی,auto starter alignment from Wikisource transcription and Tesseract OCR; quick manual pass recommended
real_051_002,Ukraina Russia Turkey,page_051,line_002,local,tesseract_ara_eng_psm6,مختصر بر صورتده اولسون تصوير اندوسليك امحون ‎AS 5S‏,مختصر بر صورتده اولسون تصوير ايده بيلمك ايچون يالكز كييف,auto starter alignment from Wikisource transcription and Tesseract OCR; quick manual pass recommended
real_051_003,Ukraina Russia Turkey,page_051,line_003,local,tesseract_ara_eng_psm6,شبرنده» ‎OLS‏ طبع ونشريه اشتغال ‎sal‏ درت ‎dey‏ اوقراينا,شهرنده، کتاب طبع ونشريله اشتغال ایدر درت بويوك اوقراينا,auto starter alignment from Wikisource transcription and Tesseract OCR; quick manual pass recommended
real_051_004,Ukraina Russia Turkey,page_051,line_004,local,tesseract_ara_eng_psm6,‎see‏ موجود ‎gual y‏ ذكر الك كاقيدر. ‎By‏ بيك ‎mip‏,تجارتخانەسی موجود بولنديغنى ذكر ايتمك كافيدر. بونلر پك سريع,auto starter alignment from Wikisource transcription and Tesseract OCR; quick manual pass recommended
real_051_005,Ukraina Russia Turkey,page_051,line_005,local,tesseract_ara_eng_psm6,‏بر صورتدءترق ‎wel‏ ويك بوبوكمعاملات تجاريه اجر|الكدهدرار.,بر صورتده ترقی ايتمكده ويك بويوك معاملات تجاريه اجرا ایلمکدەدرلر.,auto starter alignment from Wikisource transcription and Tesseract OCR; quick manual pass recommended
real_051_006,Ukraina Russia Turkey,page_051,line_006,local,tesseract_ara_eng_psm6,اوقراما ‎ea‏ خاد ‎a‏ بدن مع )¢ 5 ‎Sutera se‏ ( يله سابق ‎as‏,اوقراينا جماعت خادملرندن معلم (م . غروشەفسکی) ایله سابق قرەدكز,auto starter alignment from Wikisource transcription and Tesseract OCR; quick manual pass recommended
real_051_007,Ukraina Russia Turkey,page_051,line_007,local,tesseract_ara_eng_psm6,‏دكز فلوسى قوماندانى آميرال ( ارقاس)ك « اوقراينا ‎Fob‏ » نامله,فیلوسی قوماندانی آمیرال (آرقاس) ك «اوقراينا تاریخی» نامیله,auto starter alignment from Wikisource transcription and Tesseract OCR; quick manual pass recommended
real_051_008,Ukraina Russia Turkey,page_051,line_008,local,tesseract_ara_eng_psm6,‎A col wl‏ امش اوادقلرىبش .يوز نهاك ‎We sl Sol‏ زمان,آيری آری نشر ايتمش اولدقلری بش يوز صحفهلك ايکي اثر، آز زمان,auto starter alignment from Wikisource transcription and Tesseract OCR; quick manual pass recommended
real_051_009,Ukraina Russia Turkey,page_051,line_009,local,tesseract_ara_eng_psm6,ظر فده واك زياده ‎ALS‏ اراسئده اولارق قرق سك ‎doen)‏,ظرفنده واك زياده كويليلر آراسنده اولارق فرق بيك نسخه صاتیلمشدر!,auto starter alignment from Wikisource transcription and Tesseract OCR; quick manual pass recommended
real_051_010,Ukraina Russia Turkey,page_051,line_010,local,tesseract_ara_eng_psm6,‎Das‏ بونلردزماعدا نشراولونان ‎Sl Go‏ اوقراينانارخىده,بونلردن ماعدا نشر اولونان دیكر ایکی اوقراینا تاریخی ده,auto starter alignment from Wikisource transcription and Tesseract OCR; quick manual pass recommended
real_051_011,Ukraina Russia Turkey,page_051,line_011,local,tesseract_ara_eng_psm6,بك ‎LS‏ متدارده صاسامشاردر. تحار 4 ‎|r‏ تهدتادار ‎(ve)‏ اوقراسا,پك كليتلى مقدارده صاتيامشلردر.,auto starter alignment from Wikisource transcription and Tesseract OCR; quick manual pass recommended
real_052_001,Ukraina Russia Turkey,page_052,line_001,local,tesseract_ara_eng_psm6,كوجوك اعتبار مالى ‎Ce‏ امحاديهسئ » لى ذكر انك لازمدر .,كوچوك اعتبار مالی جمعیت اتحادیەسی» في ذكر ايتمك لازمدر.,auto starter alignment from Wikisource transcription and Tesseract OCR; quick manual pass recommended
real_052_002,Ukraina Russia Turkey,page_052,line_002,local,tesseract_ara_eng_psm6,اوقراينا ‎Gh)‏ اوزره ‎Gl‏ قوئُوراتيف ‎nl cede pF‏ اند لكدةدر.,اوقراينا لسانی اوزره ایکی قوئوپراتیف مجموعەسی نشر ایدیلمکدەدر.,auto starter alignment from Wikisource transcription and Tesseract OCR; quick manual pass recommended
real_052_003,Ukraina Russia Turkey,page_052,line_003,local,tesseract_ara_eng_psm6,بوموفقتارى الده ايده سلمك امحون اوقراسا قوثو راسف ‎Skier‏,بوموفقيتارى ألده ايدەبيلمك ايچون اوقراینا قوئوپراتیف جمعیتلری,auto starter alignment from Wikisource transcription and Tesseract OCR; quick manual pass recommended
real_052_004,Ukraina Russia Turkey,page_052,line_004,local,tesseract_ara_eng_psm6,‏كرك ‎bake‏ 7 وكرك ‎Che Se‏ موسقوق ‎in eh Cally 9 gd‏,كرك حكومت، وكرك حكومتك موسقوف قوئوپراتيف جمعتلرینه,auto starter alignment from Wikisource transcription and Tesseract OCR; quick manual pass recommended
real_052_005,Ukraina Russia Turkey,page_052,line_005,local,tesseract_ara_eng_psm6,‎Guus‏ اولديتى امتاز طرفندن اماع ابديلن مشكلاتياه اوغاشمق,ويرمش اولدیغی امتیاز طرفندن ايقاع ايديلن مشكلاتيله اوغراشمق,auto starter alignment from Wikisource transcription and Tesseract OCR; quick manual pass recommended
real_052_006,Ukraina Russia Turkey,page_052,line_006,local,tesseract_ara_eng_psm6,‎orto =‏ قااشاردر .,مجبوريتده قالمشلردر.,auto starter alignment from Wikisource transcription and Tesseract OCR; quick manual pass recommended
real_052_007,Ukraina Russia Turkey,page_052,line_007,local,tesseract_ara_eng_psm6,اوقراسنانك اشاهنده يك ‎dye‏ رول اوسامش اولان اوقرابنا,اوقراينانك انتباهنده پك بويوك رول اوينامش اولان اوقراینا,auto starter alignment from Wikisource transcription and Tesseract OCR; quick manual pass recommended
real_052_008,Ukraina Russia Turkey,page_052,line_008,local,tesseract_ara_eng_psm6,‎des TE‏ ذ كرىده اقتضا ‎oa)‏ . مذ كور تباترولرده ملى اثراردن,تياتروسنك ذكرى ده اقتضا ايدر. مذكور تياترولرده ملى أثرلردن,auto starter alignment from Wikisource transcription and Tesseract OCR; quick manual pass recommended
real_052_009,Ukraina Russia Turkey,page_052,line_009,local,tesseract_ara_eng_psm6,‎basal 3 ach‏ اد ‎wes aul nk al ary oan‏ اوسا ‎protic‏ :,باشقا، آوروپا ادبیاتندن ترجمه ایدیلمش اثرلر دخی اوینانمقدەدر.,auto starter alignment from Wikisource transcription and Tesseract OCR; quick manual pass recommended
real_053_001,Ukraina Russia Turkey,page_053,line_001,local,tesseract_ara_eng_psm6,صوك سلدارده اوقرايناللر ‎Ob Crab‏ برقاج ‎ees dey‏,صوك سنەلرده اوقرايناليلر طرفدن باپیلان برقاچ بويوك ومهيج,auto starter alignment from Wikisource transcription and Tesseract OCR; quick manual pass recommended
real_053_002,Ukraina Russia Turkey,page_053,line_002,local,tesseract_ara_eng_psm6,عايشارى نظر دقته المق كافدر ‎de Sil.‏ اول كفده وفات ابدن,نمایشلری نظر دقته آلمق کافیدر. ایکی سنه اول، کیفده وفات ایدن,auto starter alignment from Wikisource transcription and Tesseract OCR; quick manual pass recommended
real_053_003,Ukraina Russia Turkey,page_053,line_003,local,tesseract_ara_eng_psm6,اوقراسانك خلق اراسنده اك معروف صاييلان قوصوزيتورى,اوقراينانك خلق آراسنده اك معروف صايیلان قومیوزیتوری,auto starter alignment from Wikisource transcription and Tesseract OCR; quick manual pass recommended
real_053_004,Ukraina Russia Turkey,page_053,line_004,local,tesseract_ara_eng_psm6,"( لصهنقو ) نك هراسم ‎ALT ) 5٠٠,٠٠٠ ( dW‏ برجم غفير","(ليصەنقو)نك مراسم تدفينيەسنه (٢٠٠,٠٠٠) كشيلك برحم غفير",auto starter alignment from Wikisource transcription and Tesseract OCR; quick manual pass recommended
real_053_005,Ukraina Russia Turkey,page_053,line_005,local,tesseract_ara_eng_psm6,اشتراك العغشدى . حلتكلرده بازيلى اولان وطبيرورانهحمادار اوقراينا,اشتراك ايتمشدى. چلنکلرده یازیلی اولان وطنپرورانه حملەلر اوقراينا,auto starter alignment from Wikisource transcription and Tesseract OCR; quick manual pass recommended
real_053_006,Ukraina Russia Turkey,page_053,line_006,local,tesseract_ara_eng_psm6,"‎be‏ دنكق حاوى ‎Nabe‏ قوردهلالر, بر حوق ‎Pear Ole‏",ملی رنكنی حاوي بولونان قوردەلالر، بر چوق هیئات مرخصەلر,auto starter alignment from Wikisource transcription and Tesseract OCR; quick manual pass recommended
real_053_007,Ukraina Russia Turkey,page_053,line_007,local,tesseract_ara_eng_psm6,ومتوفانك مزارى ا وكنده ‎Mabel Gh ye‏ بومايشه ‎She les‏ برماهصت,ومتوفانك مزاری اوکنده سویلنن نطقلر، بونمایشه دها مؤثر بر ماهیت,auto starter alignment from Wikisource transcription and Tesseract OCR; quick manual pass recommended
real_053_008,Ukraina Russia Turkey,page_053,line_008,local,tesseract_ara_eng_psm6,‎Spo dap pole gate‏ نونك شحهسىاولار ق كيف والسى حكومت,مليه و سیاسیه و بر مشلردرکه بونك نتيجەسی اولارق كييف واليسی حکومت,auto starter alignment from Wikisource transcription and Tesseract OCR; quick manual pass recommended
real_053_009,Ukraina Russia Turkey,page_053,line_009,local,tesseract_ara_eng_psm6,‎gas pb‏ تيديل اند أشدي. بودن بوسنه سكرء مه كبقدء وكات إبدن,طرفندن تبدیل ایدیلمیشدی.,auto starter alignment from Wikisource transcription and Tesseract OCR; quick manual pass recommended
real_056_001,Ukraina Russia Turkey,page_056,line_001,local,tesseract_ara_eng_psm6,ete S padils ‏ساركء‎ fon Seg (ate) ‏قسم‎ gS),ایکنجی قسم (دنیەپەر) نهرينك ساحل يسارنده واقعدركه بوقسم,auto starter alignment from Wikisource transcription and Tesseract OCR; quick manual pass recommended
real_056_002,Ukraina Russia Turkey,page_056,line_002,local,tesseract_ara_eng_psm6,. ‏بولتاوا ) » ( حهرنيهوف ) و (خارقوف) أبالتلرنى احتوا ابدر‎ ),(پولتاوا)، (چەرنيهوف) و(خارقوف) أيالتلريني احتوا ايدر.,auto starter alignment from Wikisource transcription and Tesseract OCR; quick manual pass recommended
real_056_003,Ukraina Russia Turkey,page_056,line_003,local,tesseract_ara_eng_psm6,‏ساحليةسنده بوانان جسم اووهاردن‎ “Ue ‏اوجن تسم قره دكز‎,اوچنجی قسم قرەدكز حوالی ساحلیەسنده بوانان جسیم اووەلردن,auto starter alignment from Wikisource transcription and Tesseract OCR; quick manual pass recommended
real_056_004,Ukraina Russia Turkey,page_056,line_004,local,tesseract_ara_eng_psm6,) ‏بونده ( قاتهرينوسلاو ) » ( خرسون ) و ( طوريد‎ Harte,عبارتدركه بونده (قاتەرينوسلاو)، (خرسون) و (طوريد) أيالتلرى موجوددر.,auto starter alignment from Wikisource transcription and Tesseract OCR; quick manual pass recommended
real_056_005,Ukraina Russia Turkey,page_056,line_005,local,tesseract_ara_eng_psm6,. aay ye oS,بوتون بواراضیده ساکن اهالينك مقدار مجموعی (خولم) ایالتی داخلی,auto starter alignment from Wikisource transcription and Tesseract OCR; quick manual pass recommended
real_056_006,Ukraina Russia Turkey,page_056,line_006,local,tesseract_ara_eng_psm6,بوتون بواراضددسا كن اعالئك مقدار جموى_(خوم)ابالتى داخلى,حساب ايدلمامك شرطيله – ١٨٩٧ده وقوع بولان تحرير نفوسه نظراً,auto starter alignment from Wikisource transcription and Tesseract OCR; quick manual pass recommended
real_056_007,Ukraina Russia Turkey,page_056,line_007,local,tesseract_ara_eng_psm6,حساب ابدلمامك شرطيله  ‎oo VARY‏ وقوع بولان محريرتفوسه لظرا,"٢٣,٤٣٠,٤٠٧یه بالغ اولمقده درکه ١٧,٠٠٥,٦٨٨ی اوقرايناليدر.",auto starter alignment from Wikisource transcription and Tesseract OCR; quick manual pass recommended
real_056_008,Ukraina Russia Turkey,page_056,line_008,local,tesseract_ara_eng_psm6,"اه ‎O,NAA 2 ccaalal dhavw,eree‏ 2 ٠,لااى‏ اوقرابنالدر.",شو حسابه کوره اوقراینالیلر ١٨٩٧ده اوقراینا اراضی اصلیه سندەکی,auto starter alignment from Wikisource transcription and Tesseract OCR; quick manual pass recommended
real_056_009,Ukraina Russia Turkey,page_056,line_009,local,tesseract_ara_eng_psm6,شو حسابه ‎WEL ssl oS‏ لاحماده اوقراينا اراضى”اصليةستدمى,سكنەنك يوزده یتمش ایکیسنی تشکیل ایتمکده ایدی. بوقطعه اهالیسی,auto starter alignment from Wikisource transcription and Tesseract OCR; quick manual pass recommended
real_056_010,Ukraina Russia Turkey,page_056,line_010,local,tesseract_ara_eng_psm6,سكنهدنك بوزده عش ايكسى تشكل ‎Cel‏ ابدى. بوقطمهاهالسى,"١٩١٠ ده تقريباً ٢٢,٠٠٠,٠٠٠سی اوقراینالی اولمق اوزره",auto starter alignment from Wikisource transcription and Tesseract OCR; quick manual pass recommended
real_056_011,Ukraina Russia Turkey,page_056,line_011,local,tesseract_ara_eng_psm6,!| ده قرعا ‎ce vy eee‏ اوكرا الى اولمق اوزره,"٣٠,٣٦٠,٠٠٠ رادەسنده ایدی.",auto starter alignment from Wikisource transcription and Tesseract OCR; quick manual pass recommended
