noisy,prediction,clean
هی ئت استخلاصه لك باسه حقار مقله موظف وم كلف ىولدیغی وظائف فعليه وعاليده اوقدز مختلف ومتنوعدركة بنلر آنج عمةومی بر صورنده ایما و اضاح اولنەبىلير.,هیئت استخلاصه لك باسه حقار مقله موظف ومكلف اولدیغی وظائف فعليه وعاليده اوقردر مختلف ومتنوعدركه بنلر آنج عمومی بر صورنده ایما و اضاح اولنەبالير.,هیئت استخلاصه لك باشه حقار مقله موظف ومكلف اولدیغی وظائف فعليه وعاليه اوقدر مختلف ومتنوعدركه بونلر آنجق عمومی بر صورنده ایما و ايضاح اولنەبيلير.
هیئت استخلاصهر لك باشه حقار مقله موظف وكلف اولدیثغی وظائ ف فاعليه وعالي ه ىوقدر مختلف ومتنوعدركهغ بونلر آنجق عمومی بر صورآنده ایما و ايضاح اولنەبيليز.,هیئت استخلاصه رلك باشه حقار مقله موظف وكلف اولدیغی وظائف فاعليه وعاليه اوقدر مختلف ومتنوعدركه بونلر آنجق عمومی بر صورآنده ایما و ايضاح اولنەبيلير.,هیئت استخلاصه لك باشه حقار مقله موظف ومكلف اولدیغی وظائف فعليه وعاليه اوقدر مختلف ومتنوعدركه بونلر آنجق عمومی بر صورنده ایما و ايضاح اولنەبيلير.
ةیئت استخلاصه لك باشه حقار مهقله موظف ومكلف اولدیغی وطائف فعليه وعاليه اوف در مختلف وتنوعدركه بونلر آنجف عمومی بر صورنده ا یما و ايضاح اولنەبيليز.,حیئت استخلاصه لك باشه حقار مهقله موظف ومكلف اولدیغی وطائف فعليه وعاليه اوقردر مختلف وتنوعدركه بونلر آنجف عمومی بر صورنده ایما و ايضاح اولنەبيلير.,هیئت استخلاصه لك باشه حقار مقله موظف ومكلف اولدیغی وظائف فعليه وعاليه اوقدر مختلف ومتنوعدركه بونلر آنجق عمومی بر صورنده ایما و ايضاح اولنەبيلير.
هیئت استخلاصة لك بىشه حقار مقصله موظق ومكلف اولدیی وظائف فعلي وعاكه اوقدر مختلف ومتنوعدركصة بونلر آنجق عمومی بر ورنده ایما و ايضاح اولنەبيلير.,هیئت استخلاصه لك باشه حقار مقصله موظق ومكلف اولدیی وظائف فعلى وعاكه اوقدر مختلف ومتنوعدركصه بونلر آنجق عمومی بر ورنده ایما و ايضاح اولنەبيلير.,هیئت استخلاصه لك باشه حقار مقله موظف ومكلف اولدیغی وظائف فعليه وعاليه اوقدر مختلف ومتنوعدركه بونلر آنجق عمومی بر صورنده ایما و ايضاح اولنەبيلير.
هیئتظ اس تخلاصه لك باشة حقار مفل موف ومكلف اولدیغی وظئف فعليه وعاليه اوقدر مسختلف ومنوعدركه بونلرآنجق عمومی بر صورنده ایماو اضاح ا ولنەبيلکر.,هیئت استخلاصه لك باشه حقار مفل موفومكلف اولدیغی وئف فعليه وعاليه اوقردر مستلف ومنوعدركه بونلر آنجق عمومی بر صورنده ایماو اضاح اولنەبيلير.,هیئت استخلاصه لك باشه حقار مقله موظف ومكلف اولدیغی وظائف فعليه وعاليه اوقدر مختلف ومتنوعدركه بونلر آنجق عمومی بر صورنده ایما و ايضاح اولنەبيلير.
هیئت اتخلاصه لك باشه حقار مفله موظف ومكلف اولدیغی وظائف فعليه عالكه او قدز ختلف ومنوعذرکهبونلر آنجق عمومی بهر ورنده ایما و ايضاه اولنەبيلير.,هیئت اتخلاصه لك باشه حقار مفله موظف ومكلف اولدیغی وظائف فعليه عالكه او قدر ختلف ومنوعدركه بونلر آنجق عمومی بهر ورنده ایما و ايضاه اولنەبيلير.,هیئت استخلاصه لك باشه حقار مقله موظف ومكلف اولدیغی وظائف فعليه وعاليه اوقدر مختلف ومتنوعدركه بونلر آنجق عمومی بر صورنده ایما و ايضاح اولنەبيلير.
هیئت استخلاصه لك باشه حقار مقله موظف ومكلف ىولدیغی وطائف فعليه وعالي ه اوقدر مختلق ومت نونعدركه ثونل ر آنجقعمومی بر صورنده ایما و يضاح اولنەبيلير.,هیئت استخلاصه لك باشه حقار مقله موظف ومكلف اولدیغی وطائف فعليه وعاليه اوقردر مختلق ومتنوندركه بونلر آنجق عمومی بر صورنده ایما و يضاح اولنەبيلير.,هیئت استخلاصه لك باشه حقار مقله موظف ومكلف اولدیغی وظائف فعليه وعاليه اوقدر مختلف ومتنوعدركه بونلر آنجق عمومی بر صورنده ایما و ايضاح اولنەبيلير.
هیئت استخاصه لك باسه حق ار مقلهم وظف ومكلف اولدیغی وظائف فعليه وغاليه اوقدر مختلف ومت نوعدرظكه بون لرآنتجق عمومی بر صورندهأ ایما و ايصاآح ىولنەبيلير.,هیئت استخاصه لك باسه حقار مقلهم وظف ومكلف اولدیغی وظائف فعليه وغاليه اوقردر مختلف ومتنوعدركه بونلر آنتجق عمومی بر صورنده ایما و ايصاح اولنەبيلير.,هیئت استخلاصه لك باشه حقار مقله موظف ومكلف اولدیغی وظائف فعليه وعاليه اوقدر مختلف ومتنوعدركه بونلر آنجق عمومی بر صورنده ایما و ايضاح اولنەبيلير.
هیئت استجلاصة لك باشة حقىر مقله موظ ق ومكلف ىولدیغی وظائف فغليه وعاليه اوقدر مختلف ومتنوعدركه بونلر آنجق عمومی بر صورندهآ یما و اياح اولنەبيلير.,هیئت استجلاصه لك باشه حقار مقله موقر ومكلف اولدیغی وظائف فعليه وعاليه اوقردر مختلف ومتنوعدركه بونلر آنجق عمومی بر صورنده یما و اياح اولنەبيلير.,هیئت استخلاصه لك باشه حقار مقله موظف ومكلف اولدیغی وظائف فعليه وعاليه اوقدر مختلف ومتنوعدركه بونلر آنجق عمومی بر صورنده ایما و ايضاح اولنەبيلير.
هیئت استخلاصه لك باشه حقا مقلة موطفومكلفاولدیغی وظائف فعليه وعال يه اوقدر ختلف ومکتنوعدركه بونلر آنجق غمومی بر صورده ایما و ايضاح اولبەبيليرک.,هیئت استخلاصه لك باشه حقا مقله موقومكلف اولدیغی وظائف فعليه وعاليه اوقردر ختلف ومکتنوعدركه بونلر آنجق غمومی بر صورده ایما و ايضاح اولبەبيلير.,هیئت استخلاصه لك باشه حقار مقله موظف ومكلف اولدیغی وظائف فعليه وعاليه اوقدر مختلف ومتنوعدركه بونلر آنجق عمومی بر صورنده ایما و ايضاح اولنەبيلير.
هیئت استجخلاصه لك باشة حار مقه موظق ومكلف اولدیغی وظا ئف فعليه وعاليه اوقدر مختلف ومتنوعدركة بونلر آبجعمومی بز صورنده ایما و ايضاح اولنەبيليز.,هیئت استجخلاصه لك باشه حار مقه موظق ومكلف اولدیغی وظائف فعليه وعاليه اوقردر مختلف ومتنوعدركه بونلر آبجعمومی بر صورنده ایما و ايضاح اولنەبيلير.,هیئت استخلاصه لك باشه حقار مقله موظف ومكلف اولدیغی وظائف فعليه وعاليه اوقدر مختلف ومتنوعدركه بونلر آنجق عمومی بر صورنده ایما و ايضاح اولنەبيلير.
هیئت ااشتخلاصهلك باشه حقار مقله موظف ومكلف اولدیغی وظائف فغليه وعايه اوقدر مختلف ومتنوعدركه بونلر آ نجق عمومی بر صوربده ایما و ايضاح اولنەبيلير.,هیئت اشتخلاصه لك باشه حقار مقله موظف ومكلف اولدیغی وظائف فعليه وعايه اوقردر مختلف ومتنوعدركه بونلر آنجق عمومی بر صوربده ایما و ايضاح اولنەبيلير.,هیئت استخلاصه لك باشه حقار مقله موظف ومكلف اولدیغی وظائف فعليه وعاليه اوقدر مختلف ومتنوعدركه بونلر آنجق عمومی بر صورنده ایما و ايضاح اولنەبيلير.
هیئت استخلازصه لك ياشة حقار مقله موظف ومكلف الدیغی وظائف فعلكه وعالي اوقدر مخ تلق متنوعةدركه ونلر آنجق عمومی بر صورنده ایما و اياح اولنەبيلير.,هیئت استخلاره لك ياشه حقار مقله موظف ومكلف الدیغی وظائف فعلكه وعالي اوقرادر مختلق متنوعه دركه ونلر آنجق عمومی بر صورنده ایما و اياح اولنەبيلير.,هیئت استخلاصه لك باشه حقار مقله موظف ومكلف اولدیغی وظائف فعليه وعاليه اوقدر مختلف ومتنوعدركه بونلر آنجق عمومی بر صورنده ایما و ايضاح اولنەبيلير.
هیئت استخلاصه لكاشه حقار مقل موظف ومكلف او لدیغی وظائف فعليه وحع اليه اوقدر مختلفومتنوعذركه بو نلر آنجق عمومی بفر صور نده ایما و ايضشاح اولثەبيلکر.,هیئت استخلاصه لكاشه حقار مقل موظف ومكلف اولدیغی وظائف فعليه وحع اليه اوقردر مختلف ومتنوعدركه بونلر آنجق عمومی بفر صورنده ایما و ايشاح اولنەبيلير.,هیئت استخلاصه لك باشه حقار مقله موظف ومكلف اولدیغی وظائف فعليه وعاليه اوقدر مختلف ومتنوعدركه بونلر آنجق عمومی بر صورنده ایما و ايضاح اولنەبيلير.
هیئت اشتخلاصه لك بشه حفار مقله موظف ومك ف اوةلدیغی وظائفن فعليه وعالية اوقدر مختلف ومتنوعدركه بونلر آنجق عمومی بز صو رنده ایما و ايضاح ولنەبىلکر.,هیئت اشتخلاصه لك بشه حفار مقله موظف ومكف اولدیغی وظائفن فعليه وعاليه اوقدر مختلف ومتنوعدركه بونلر آنجق عمومی بر صورنده ایما و ايضاح ولنەبالير.,هیئت استخلاصه لك باشه حقار مقله موظف ومكلف اولدیغی وظائف فعليه وعاليه اوقدر مختلف ومتنوعدركه بونلر آنجق عمومی بر صورنده ایما و ايضاح اولنەبيلير.
هیئت استخلاصه لك باشه حقار مقلهموظف ومكلف اولدیغ وظاكئف فعليه وعاليه اوقدر مختلف ومتتوعدركه بونلر آنجق عموی بر صورنذه ایما و ايضاح اولنەبيليز.,هیئت استخلاصه لك باشه حقار مقله موظف ومكلف اولدیغ وظاكئف فعليه وعاليه اوقردر مختلف ومتتوعدركه بونلر آنجق عموی بر صورنده ایما و ايضاح اولنەبيلير.,هیئت استخلاصه لك باشه حقار مقله موظف ومكلف اولدیغی وظائف فعليه وعاليه اوقدر مختلف ومتنوعدركه بونلر آنجق عمومی بر صورنده ایما و ايضاح اولنەبيلير.
هیئت استخلاصه ك باشهحقار مقله موف وكلف اولذیغی وظائف فعليه وعاليه اوقدر مختلف ومتوعدر كه بوبلر آنجق عمومی بر صورنده ایما و ايضاح اولنرەبيلير.,هیئت استخلاصه ك باشه حقار مقله موفوكلف اولدیغی وظائف فعليه وعاليه اوقردر مختلف ومتوعدر كه بوبلر آنجق عمومی بر صورنده ایما و ايضاح اولنرەبيلير.,هیئت استخلاصه لك باشه حقار مقله موظف ومكلف اولدیغی وظائف فعليه وعاليه اوقدر مختلف ومتنوعدركه بونلر آنجق عمومی بر صورنده ایما و ايضاح اولنەبيلير.
هیئتاستخلاصه لك باشه حقار مقلة موظف ومکلق اولدیغی وظائف فعليه وعاليه اوقدر مخ تلف ومتنوعذركه ثونلر آنج عمومی بر صورنده ایم و ايضاح اولنەبكلير.,هیئت استخلاصه لك باشه حقار مقله موظف ومکلق اولدیغی وظائف فعليه وعاليه اوقردر مختلف ومتنوعدركه بونلر آنج عمومی بر صورنده ایم و ايضاح اولنەبيلير.,هیئت استخلاصه لك باشه حقار مقله موظف ومكلف اولدیغی وظائف فعليه وعاليه اوقدر مختلف ومتنوعدركه بونلر آنجق عمومی بر صورنده ایما و ايضاح اولنەبيلير.
هیئت استخحلاصهلك باشه حقار مقله موظف ومكلف الذیغی وظائف فعلية وعالية ىوقدر مختلف ومتنوعدركه بونلر آنجق عمومی بر صورنده ایما و ايضاح اولنەبيل ير.,هیئت استخلاصهلك باشه حقار مقله موظف ومكلف الدیغی وظائف فعليه وعاليه اوقدر مختلف ومتنوعدركه بونلر آنجق عمومی بر صورنده ایما و ايضاح اولنەبيلير.,هیئت استخلاصه لك باشه حقار مقله موظف ومكلف اولدیغی وظائف فعليه وعاليه اوقدر مختلف ومتنوعدركه بونلر آنجق عمومی بر صورنده ایما و ايضاح اولنەبيلير.
هیئت استخلاصه لك باشه حقار مقه موظف ومكلف اولذیغی وظائف فغلى ه وعالخيه اوق در خنلف ومتنوعدركه ثونلر آنجق عمومی بر صورن ده ایما و اکضاحالنەبيلير.,هیئت استخلاصه لك باشه حقار مقه موظف ومكلف اولدیغی وظائف فعلى هوعالخيه اوقردر خنلف ومتنوعدركه بونلر آنجق عمومی بر صورنده ایما و ايضاحالنەبيلير.,هیئت استخلاصه لك باشه حقار مقله موظف ومكلف اولدیغی وظائف فعليه وعاليه اوقدر مختلف ومتنوعدركه بونلر آنجق عمومی بر صورنده ایما و ايضاح اولنەبيلير.
بالاده تعاداولنان وقزاينا فرقەلر ندن بسشقه اوقراينا ترقييروران,بالاده تعاداولنان وقراينا فرقەلرندن بسقه اوقراينا ترقييروران,بالاده تعداداولنان اوقراينا فرقەلرندن بشقه «اوقراينا ترقييروران
بالاده تعدادالنان اوقراينا فرقەلرندنبشقه «اوقزاك نا ترقييروران,بالاده تعدادالنان اوقراينا فرقەلرندن بشقه «اوقراينا ترقييروران,بالاده تعداداولنان اوقراينا فرقەلرندن بشقه «اوقراينا ترقييروران
بالاده تعداداولنان اوقراينا فرەلرتدن بشقه اوقرداىنا ترقيييروران,بالاده تعداد اولنان اوقراينا فرەلرتدن بشقه اوقراينا ترقيييروران,بالاده تعداداولنان اوقراينا فرقەلرندن بشقه «اوقراينا ترقييروران
بالاده تعداداو لنان اوقراينا فرقەلرندن بشقه «اوقرينا ثرقييروزان,بالاده تعداد اولنان اوقراينا فرقەلرندن بشقه «اوقراينا برقينيروزان,بالاده تعداداولنان اوقراينا فرقەلرندن بشقه «اوقراينا ترقييروران
بالاده تعدىداولان اوقراةينا فقەلرندن ثشقه اوقرايبا ترفييروران,بالاده تعداد اولان اوقراينا فقەلرندن بشقه اوقراينا ترفييروران,بالاده تعداداولنان اوقراينا فرقەلرندن بشقه «اوقراينا ترقييروران
ىلاده تعغداداولنان اوفراينا فرقەلرندن بسقه «اوقراينا ترييروران,الاده تعداد اولنان اوقراينا فرقەلرندن بسقه «اوقراينا ترييروران,بالاده تعداداولنان اوقراينا فرقەلرندن بشقه «اوقراينا ترقييروران
بالا ده ن عداداولنان اوقراين ا قرقەلرندن بشقة «اوقراينا تقييروران,بالا دها عداد اولنان اوقراينا قرقەلرندن بشقه «اوقراينا تقييروران,بالاده تعداداولنان اوقراينا فرقەلرندن بشقه «اوقراينا ترقييروران
بالاده تعداداولتان اوقزانا فرقەلندن بشفه «افوقرىينا ترقييروزان,بالاده تعداد اولتان اوقراينا فرقەلندن بشفه «افوقراينا ترقييروزان,بالاده تعداداولنان اوقراينا فرقەلرندن بشقه «اوقراينا ترقييروران
بالاده تداداولنان اوقراينى فرقەلرندن بشقة «اوقراينا ترقييرفوران,بالاده تداد اولنان اوقراينا فرقەلرندن بشقه «اوقراينا ترقييرفوران,بالاده تعداداولنان اوقراينا فرقەلرندن بشقه «اوقراينا ترقييروران
بالاده تعد ادىولنان اقزايثا فزفەلرندن بشقه «اوقرايناترقييروران,بالاده تعد اداولنان اقزاينا فرقەلرندن بشقه «اوقراينا ترقييروران,بالاده تعداداولنان اوقراينا فرقەلرندن بشقه «اوقراينا ترقييروران
