source_char,target_char,count,total_source_count,ratio,accepted,source_unicode,target_unicode
ة,ه,2513,3089,0.813531887342182,True,U+0629,U+0647
إ,,283,365,0.7753424657534247,True,U+0625,EMPTY
 , ,99966,107453,0.9303230249504435,False,U+0020,U+0020
ا,ا,71126,71934,0.9887674813023049,False,U+0627,U+0627
و,و,47266,47334,0.9985634005154856,False,U+0648,U+0648
ر,ر,45527,46166,0.9861586448901789,False,U+0631,U+0631
ن,ن,38035,39074,0.973409428264319,False,U+0646,U+0646
ل,ل,37808,37863,0.9985473945540502,False,U+0644,U+0644
ی,ی,36230,36293,0.9982641280687736,False,U+06CC,U+06CC
د,د,30399,30776,0.9877501949571095,False,U+062F,U+062F
ي,ي,24271,26716,0.9084818086539901,False,U+064A,U+064A
م,م,26506,26544,0.9985684147076552,False,U+0645,U+0645
ه,ه,23993,24730,0.9701981399110392,False,U+0647,U+0647
ت,ت,23388,24575,0.9516988809766023,False,U+062A,U+062A
ق,ق,18326,18980,0.9655426765015807,False,U+0642,U+0642
ب,ب,17532,18814,0.9318592537472096,False,U+0628,U+0628
س,س,17194,17979,0.9563379498303577,False,U+0633,U+0633
ك,ك,12493,14147,0.8830847529511557,False,U+0643,U+0643
ى,ى,4406,10374,0.42471563524195105,False,U+0649,U+0649
ک,ک,7573,9653,0.7845229462343313,False,U+06A9,U+06A9
ە,ە,9053,9058,0.9994480017663944,False,U+06D5,U+06D5
ش,ش,6913,8299,0.8329919267381612,False,U+0634,U+0634
ع,ع,7366,7897,0.9327592756743067,False,U+0639,U+0639
ف,ف,6169,7599,0.8118173443874194,False,U+0641,U+0641
ز,ز,4266,7358,0.5797771133460179,False,U+0632,U+0632
ح,ح,5856,6496,0.9014778325123153,False,U+062D,U+062D
.,.,6000,6001,0.9998333611064822,False,U+002E,U+002E
ج,ج,5533,5968,0.9271112600536193,False,U+062C,U+062C
ص,ص,4048,4432,0.9133574007220217,False,U+0635,U+0635
خ,خ,3435,3908,0.8789662231320369,False,U+062E,U+062E
غ,غ,2951,3747,0.7875633840405658,False,U+063A,U+063A
ط,ط,3365,3707,0.907742109522525,False,U+0637,U+0637
چ,چ,3072,3074,0.9993493819128172,False,U+0686,U+0686
ذ,د,1858,2875,0.6462608695652174,False,U+0630,U+062F
),),2828,2832,0.998587570621469,False,U+0029,U+0029
(,(,2819,2821,0.999291031549096,False,U+0028,U+0028
آ,آ,2443,2746,0.8896576839038601,False,U+0622,U+0622
ث,ث,1135,2642,0.42959878879636637,False,U+062B,U+062B
پ,پ,2360,2362,0.9991532599491956,False,U+067E,U+067E
،,،,2000,2003,0.9985022466300549,False,U+060C,U+060C
ض,ض,1232,1792,0.6875,False,U+0636,U+0636
أ,أ,1085,1396,0.7772206303724928,False,U+0623,U+0623
ئ,ئ,1206,1208,0.9983443708609272,False,U+0626,U+0626
ظ,ظ,637,1157,0.550561797752809,False,U+0638,U+0638
١,١,1137,1139,0.9982440737489026,False,U+0661,U+0661
٠,٠,998,999,0.998998998998999,False,U+0660,U+0660
ـ,ـ,819,819,1.0,False,U+0640,U+0640
٨,٨,559,561,0.9964349376114082,False,U+0668,U+0668
٩,٩,550,550,1.0,False,U+0669,U+0669
٧,٧,488,488,1.0,False,U+0667,U+0667
٦,٦,444,446,0.9955156950672646,False,U+0666,U+0666
a,a,436,436,1.0,False,U+0061,U+0061
-,-,407,408,0.9975490196078431,False,U+002D,U+002D
٥,٥,390,392,0.9948979591836735,False,U+0665,U+0665
ً,ً,352,352,1.0,False,U+064B,U+064B
«,«,351,351,1.0,False,U+00AB,U+00AB
",",",",331,331,1.0,False,U+002C,U+002C
»,»,329,329,1.0,False,U+00BB,U+00BB
٢,٢,309,309,1.0,False,U+0662,U+0662
ۀ,ۀ,295,295,1.0,False,U+06C0,U+06C0
٤,٤,276,276,1.0,False,U+0664,U+0664
!,!,246,246,1.0,False,U+0021,U+0021
o,o,214,214,1.0,False,U+006F,U+006F
i,i,211,212,0.9952830188679245,False,U+0069,U+0069
٣,٣,196,196,1.0,False,U+0663,U+0663
s,s,194,194,1.0,False,U+0073,U+0073
k,k,177,178,0.9943820224719101,False,U+006B,U+006B
r,r,177,177,1.0,False,U+0072,U+0072
y,y,176,176,1.0,False,U+0079,U+0079
e,e,174,174,1.0,False,U+0065,U+0065
l,l,157,157,1.0,False,U+006C,U+006C
h,h,120,120,1.0,False,U+0068,U+0068
؛,؛,117,117,1.0,False,U+061B,U+061B
:,:,115,115,1.0,False,U+003A,U+003A
n,n,100,100,1.0,False,U+006E,U+006E
c,c,99,99,1.0,False,U+0063,U+0063
d,d,99,99,1.0,False,U+0064,U+0064
t,t,99,99,1.0,False,U+0074,U+0074
K,K,58,58,1.0,False,U+004B,U+004B
M,M,58,58,1.0,False,U+004D,U+004D
b,b,58,58,1.0,False,U+0062,U+0062
m,m,58,58,1.0,False,U+006D,U+006D
w,w,58,58,1.0,False,U+0077,U+0077
0,0,40,40,1.0,False,U+0030,U+0030
5,5,40,40,1.0,False,U+0035,U+0035
گ,گ,40,40,1.0,False,U+06AF,U+06AF
L,L,39,40,0.975,False,U+004C,U+004C
ؤ,ؤ,39,40,0.975,False,U+0624,U+0624
1,1,39,39,1.0,False,U+0031,U+0031
D,D,39,39,1.0,False,U+0044,U+0044
p,p,39,39,1.0,False,U+0070,U+0070
j,j,38,39,0.9743589743589743,False,U+006A,U+006A
S,S,38,38,1.0,False,U+0053,U+0053
f,f,38,38,1.0,False,U+0066,U+0066
ء,ء,38,38,1.0,False,U+0621,U+0621
ہ,ہ,37,37,1.0,False,U+06C1,U+06C1
G,G,20,20,1.0,False,U+0047,U+0047
R,R,20,20,1.0,False,U+0052,U+0052
U,U,20,20,1.0,False,U+0055,U+0055
W,W,20,20,1.0,False,U+0057,U+0057
u,u,20,20,1.0,False,U+0075,U+0075
v,v,20,20,1.0,False,U+0076,U+0076
ھ,ھ,20,20,1.0,False,U+06BE,U+06BE
–,–,20,20,1.0,False,U+2013,U+2013
N,N,19,19,1.0,False,U+004E,U+004E
O,O,19,19,1.0,False,U+004F,U+004F
Y,Y,19,19,1.0,False,U+0059,U+0059
ژ,ژ,19,19,1.0,False,U+0698,U+0698
ڭ,ڭ,19,19,1.0,False,U+06AD,U+06AD
z,z,18,18,1.0,False,U+007A,U+007A
